mode,bars,fee,threshold,seed,trades,final_equity,win_rate,pf,max_dd,return_pct,total_fees
close,30,0.001,0.005,42,1,9994.07179377266,0.0,,0.000694524860676517,-0.05928206227339615,0.09174
onebar,40,0.001,0.005,42,20,884.474108175584,,0.23410771882477924,0.12232472360993109,,
